actual_prep_time,predicted_prep_time,absolute_error,store_id,day_of_week,hour_of_day
4.2134833333333335,11.272336,7.058852672831217,873,2,22
11.6621,12.21115,0.549050169372558,1101,2,22
16.24513333333333,12.845623,3.3995103169759098,1062,2,22
10.1556,9.169657,0.9859432464599607,1057,2,22
21.29053333333333,9.6663065,11.624226837666825,906,2,22
18.963116666666668,7.7283025,11.234814187876385,1105,2,22
27.44445,10.889795,16.554654696655273,840,2,22
12.57325,13.796442,1.2231920318603517,936,2,22
12.636116666666668,9.460379,3.175738019816082,826,2,22
19.097616666666667,14.017264,5.080352300516765,1099,2,22
8.745133333333333,12.545163,3.8000298212687174,873,2,22
8.415983333333333,12.389164,3.9731806376139325,1080,2,22
19.31395,10.158047,9.155903277587889,931,2,22
11.666883333333336,11.653072,0.013810976155602006,1071,2,22
21.190616666666664,10.032329,11.158288061014808,1005,2,22
12.597383333333331,12.50174,0.09564287770588997,821,2,22
12.288183333333334,11.501735,0.7864485997517914,835,2,22
19.280666666666665,15.431577,3.8490899378458643,820,2,22
4.7869,9.145404,4.358503861999512,994,2,22
12.595383333333332,10.708754,1.8866297475179028,1052,2,21
34.600766666666665,12.76235,21.838416584269204,873,2,21
10.862633333333331,10.884064,0.021430387369793635,1066,2,21
15.916066666666667,15.1519785,0.7640881739298511,869,2,21
18.06246666666667,16.933733,1.1287336802164738,1087,2,21
15.425533333333334,8.084718,7.340815582784018,839,2,21
19.3146,17.165983,2.1486167999267565,993,2,21
12.703383333333331,12.181359,0.5220240422566711,839,2,21
28.090566666666668,13.835423,14.25514319712321,873,2,21
20.40106666666667,9.889719,10.511347657267255,1057,2,21
20.958566666666663,12.512137,8.44642925364176,869,2,21
8.311383333333334,13.013215,4.701831731669108,894,2,21
14.7601,9.305629,5.454471223449707,921,2,21
16.94105,9.208996,7.732054180908204,1067,2,21
9.675266666666666,11.105722,1.4304557607014985,1064,2,20
9.5643,10.284838,0.720537722778321,921,2,20
10.62575,11.351307,0.7255569152832031,915,2,20
13.444,10.165602,3.278398269653321,993,2,20
8.883199999999999,11.991381,3.1081806915283217,1074,2,20
20.2576,10.778737,9.47886293182373,884,2,19
10.906433333333332,13.523617,2.617183457438152,946,2,18
4.593,9.379932,4.786932403564453,884,2,17
9.1569,9.178498,0.021598268127441145,921,2,17
10.382633333333333,9.364629,1.0180045415242507,939,2,17
10.619916666666668,15.379856,4.759939442952472,944,2,17
18.969816666666667,9.760223,9.209593277994792,1096,2,16
6.456016666666667,13.172274,6.716256969197591,944,2,15
17.524083333333333,11.922794,5.601288991292318,933,2,15
8.389566666666667,11.538662,3.1490952901204423,933,2,15
16.703216666666666,10.643868,6.0593482203165685,884,2,15
20.108516666666667,12.315656,7.792860958353678,884,2,15
6.1002,10.773498,4.6732975814819335,914,2,15
9.607616666666669,13.257407,3.6497905217488587,1099,2,15
3.7861166666666666,11.683322,7.897205286153158,1081,2,15
5.4294,11.083919,5.654518571472168,914,2,14
12.199816666666669,10.199178,2.000638924662274,939,2,14
14.296583333333333,15.233427,0.9368437143961597,1096,2,14
46.78515,11.167029,35.61812061920166,884,2,14
18.221283333333336,10.795085,7.42619838002523,1096,2,14
12.127833333333331,9.485368,2.6424655583699526,938,2,14
7.198783333333334,10.607529,3.4087453531901035,1096,2,13
8.644316666666667,9.642501,0.9981842107137044,884,2,14
19.842566666666663,10.38443,9.458136735026038,1065,2,13
10.019033333333336,8.656861,1.36217202809652,898,2,13
15.168683333333332,11.692541,3.4761422108968087,1096,2,13
14.7088,11.194072,3.5147282302856446,1081,2,13
6.571033333333333,9.752414,3.181380416361491,947,2,13
7.25135,7.683678,0.43232815017700155,898,2,13
9.1906,9.84358,0.6529802459716798,947,2,13
7.063599999999999,9.939354,2.8757539428710945,1063,2,13
7.930449999999999,7.944052,0.013602219390870474,800,2,13
22.165816666666668,12.238709,9.927107216898602,833,2,13
24.085050000000003,14.833845,9.251204861450198,894,2,13
11.231566666666668,9.752059,1.4795076838175465,813,2,13
9.624816666666668,10.771186,1.1463692082722972,1053,2,13
9.4672,7.9966044,1.4705955574035645,1058,2,13
9.88735,11.851728,1.964378439331055,933,2,13
11.055733333333334,7.8096747,3.246058593495688,835,2,13
7.551566666666667,14.653608,7.102041655476888,1004,2,13
15.62085,9.84375,5.777100000000001,1048,2,13
15.10435,12.604363,2.499986558532715,938,2,13
12.301116666666667,9.340109,2.961007795206706,899,2,13
12.9186,11.858603,1.0599974761962887,897,2,12
5.335616666666667,9.761974,4.42635766805013,929,2,12
10.4304,12.987928,2.557528390502929,894,2,12
9.169466666666668,10.764226,1.5947592931111636,835,2,12
12.705716666666666,11.256125,1.4495912165323883,1053,2,12
4.989466666666667,12.087138,7.0976715092976885,920,2,12
7.344049999999999,10.886713,3.5426630279541023,1147,2,12
9.381766666666666,10.504141,1.1223741872151702,877,2,12
18.98956666666667,13.648672,5.3408945627848325,899,2,12
10.371083333333331,9.87767,0.4934130452473937,843,2,12
9.092483333333332,7.946773,1.145710281117756,994,2,12
12.6816,14.017572,1.335972402954102,921,2,12
9.624116666666668,9.575852,0.048264272562663635,939,2,12
22.08713333333333,12.056971,10.030162737019854,944,2,12
29.32043333333333,10.821024,18.49940939229329,1103,2,12
5.622983333333334,11.734146,6.111162784830729,923,2,12
26.03673333333333,11.194003,14.842730228169756,891,2,12
8.495066666666666,13.306961,4.811894392903646,1004,2,12
2.80775,9.260834,6.453083740234375,800,2,12
11.728533333333331,9.109227,2.6193061528523742,849,2,12
7.41435,11.439259,4.024908575439453,1062,2,12
5.8078,10.890301,5.082500750732422,869,2,12
11.990266666666669,11.728943,0.2613237955729186,866,2,12
12.403983333333334,10.1497,2.2542831685384126,924,2,12
6.90915,9.510167,2.6010171218872067,903,2,12
9.693,9.773865,0.08086474609375038,1085,2,12
6.20495,11.243632,5.038682316589355,927,2,12
6.325166666666666,10.307969,3.9828024266560877,879,2,12
13.180383333333332,10.019543,3.1608406392415347,899,2,11
8.243783333333333,9.163719,0.9199358439127607,922,2,11
10.770766666666669,11.14795,0.3771835057576478,900,2,12
10.1329,8.46661,1.666290045166015,801,2,11
14.094216666666666,11.092488,3.0017283777872716,948,2,11
15.0096,8.370141,6.639458970642091,849,2,11
10.641866666666663,9.155703,1.4861640757242807,932,2,11
18.59016666666667,10.248506,8.341661074320477,884,2,11
8.117733333333334,10.664192,2.5464588663736976,1062,2,11
20.73378333333333,11.755548,8.978235809834796,1065,2,11
5.679433333333334,10.407549,4.7281155710856115,1063,2,11
21.96355,7.716285,14.247264771270753,842,2,11
8.569733333333334,12.92289,4.353156376139323,995,2,11
13.057783333333331,8.881461,4.176322189839679,1081,2,11
16.6144,14.903797,1.7106028503417967,902,2,11
21.603366666666663,8.811378,12.791989141337073,906,2,11
23.78395,8.781331,15.002618937683106,1065,2,11
5.595533333333334,8.501279,2.905745543924967,1126,2,11
11.866716666666669,10.743872,1.1228449778238954,1064,2,11
7.02185,9.748568,2.726717581176758,903,2,11
6.695933333333333,9.876804,3.180871018473308,838,2,11
7.586966666666667,8.409822,0.8228557973225907,1059,2,11
7.749033333333333,9.157372,1.408339141337077,931,2,11
5.704633333333334,9.771126,4.066492460123698,1065,2,11
11.576183333333336,7.767853,3.8083305501302114,1058,2,11
11.327666666666666,10.823822,0.5038446451822907,897,2,11
4.1135166666666665,12.672863,8.559346339925131,890,2,11
9.879233333333334,8.8839855,0.9952478139241538,906,2,11
6.2319,8.7484865,2.516586518859863,1048,2,11
4.618916666666666,10.116903,5.497986638387045,946,2,11
28.398233333333334,13.347706,15.05052749226888,1051,2,11
8.084516666666667,9.869408,1.7848909871419263,829,2,11
14.15745,11.410948,2.7465022003173836,869,2,11
11.789333333333332,18.062782,6.273448954264325,929,2,11
13.48615,12.646147,0.8400032257080081,1133,2,11
12.5289,10.935177,1.5937231506347658,1083,2,11
15.668466666666664,6.9392323,8.729234317270912,1058,2,11
15.58795,8.267215,7.32073522491455,1105,2,11
31.312283333333333,11.072708,20.23957520345052,843,2,11
15.852833333333333,9.52098,6.331853452046712,801,2,11
14.222916666666666,9.4930525,4.729864184061686,1103,2,11
6.409833333333333,10.842811,4.432977297465007,947,2,11
18.79961666666667,9.170985,9.628631444803876,922,2,11
7.057916666666667,9.74089,2.682972882588704,1071,2,10
4.082333333333334,8.307754,4.2254202295939125,933,2,10
13.992683333333334,8.49079,5.501892966206869,1088,2,10
9.887566666666666,10.157353,0.26978673451741564,890,2,10
14.353883333333332,10.336659,4.017223901875813,1053,2,10
7.0865,8.732765,1.6462651977539062,1075,2,10
11.042866666666669,9.600004,1.4428624704996764,1004,2,10
15.7662,11.373268,4.392931872558593,1083,2,10
13.79995,13.500478,0.2994722091674813,1085,2,10
9.106616666666667,8.991578,0.11503856455485106,1075,2,10
13.101533333333332,8.588121,4.513411919148762,878,2,10
8.891033333333333,7.52456,1.3664733586629225,815,2,10
15.095216666666666,9.129218,5.965998565165201,1066,2,10
8.084516666666667,5.836939,2.247577808634441,802,2,10
7.24175,7.898586,0.6568357963562015,865,2,10
14.189516666666666,7.1480618,7.04145491434733,1113,2,10
6.37005,11.111206,4.7411560546875,1076,2,10
3.2480333333333333,8.069882,4.821849059549967,905,2,10
10.74785,11.784304,1.0364536651611331,904,2,10
5.4340166666666665,8.74524,3.31122354482015,933,2,10
7.322566666666666,9.644493,2.3219264363606777,946,2,10
11.62785,12.928373,1.3005233367919917,826,2,10
9.495116666666666,9.733232,0.2381148778279627,1077,2,10
5.366766666666666,7.3742394,2.007472778066,1098,2,10
4.512216666666666,9.239345,4.727127930196127,1067,2,10
2.506066666666667,7.7308145,5.22474779027303,1105,2,10
5.926066666666667,9.514956,3.588889807637532,941,2,10
10.225083333333334,7.2997265,2.9253568471272793,993,2,10
19.28975,7.605717,11.684032817840578,887,2,10
9.921633333333334,8.216221,1.7054124776204436,815,2,10
7.422416666666667,8.288206,0.8657894337972003,921,2,10
8.338616666666667,8.251348,0.08726912485758476,1071,2,10
10.794483333333334,8.82367,1.9708129460652675,914,2,10
10.659133333333331,8.584372,2.0747617665608704,865,2,10
13.015183333333333,12.089776,0.9254072942097977,1074,2,10
7.31855,8.5277,1.2091504241943358,920,2,10
13.299066666666668,10.3828125,2.9162541666666684,900,2,10
13.685433333333332,12.220578,1.4648551396687814,1135,2,10
8.102216666666667,9.014721,0.9125042500813798,1058,2,10
11.651633333333333,8.401184,3.250449251302083,1096,2,10
15.547216666666666,9.26078,6.286436332194009,906,2,10
6.245466666666667,9.089192,2.8437257237752274,823,2,9
6.284366666666667,8.231722,1.9473552113850907,1055,2,10
9.0986,10.010013,0.9114126266479499,812,2,9
5.3622000000000005,7.8779883,2.5157883384704585,892,2,9
11.378433333333334,9.9141655,1.4642678365071617,821,2,10
5.573333333333333,7.363812,1.7904786364237468,940,2,9
4.180716666666666,7.1144238,2.9337070851643885,849,2,9
8.934266666666668,11.73433,2.800063510640461,1130,2,9
6.267016666666667,7.2345333,0.9675166432698568,1058,2,9
4.719483333333333,9.872931,5.153447193400066,890,2,9
10.974,8.496979,2.477021240234375,902,2,9
8.027533333333333,7.8267107,0.200822632344563,931,2,9
11.040016666666666,9.565735,1.4742818033854164,863,2,9
6.454266666666666,7.936355,1.482088447316488,1049,2,9
6.401366666666666,7.1342425,0.732875867970785,827,2,9
4.552983333333333,7.017691,2.4647078020731614,1105,2,9
8.233683333333333,8.765491,0.5318071985880533,933,2,9
4.6737,13.277006,8.603306149291992,841,2,9
50.288,9.509074,40.77892578887939,906,2,9
4.103533333333333,8.231516,4.127982551066081,871,2,9
13.24365,9.712822,3.530828039550782,922,2,9
9.19495,6.930795,2.2641548072814945,892,2,9
15.1402,8.438372,6.701828341674805,923,2,9
6.376216666666666,9.711888,3.335671646626791,801,2,9
15.422916666666667,11.039395,4.383521334330242,1081,2,9
24.166633333333333,7.4187255,16.747907842763265,906,2,9
3.822933333333333,7.364513,3.541579587046306,900,2,9
17.377466666666667,10.20023,7.177237021891276,948,2,9
20.83815,7.472114,13.366035913848876,1058,2,9
15.48015,9.3379,6.142249838256836,873,2,9
7.171016666666668,9.085134,1.9141168858846012,840,2,9
16.817383333333332,8.959806,7.85757689107259,835,2,9
14.779616666666668,11.977969,2.8016474970499683,894,2,9
4.72475,12.85914,8.134390396118164,1138,2,9
4.282,9.175823,4.893823211669922,927,2,9
20.3131,8.393664,11.919435639953612,906,2,10
32.18655,7.1284394,25.058110573577878,906,2,9
6.350966666666666,6.8946934,0.5437267079671226,898,2,9
6.9361,8.468989,1.5328893722534183,826,2,9
20.0608,11.563086,8.497714443969727,1093,2,9
4.149016666666666,8.578035,4.4290186879475915,1081,2,9
18.799,8.936678,9.862322067260742,906,2,9
4.16365,6.744591,2.5809412361145023,1105,2,9
18.441216666666666,13.164991,5.276225287882486,873,2,9
9.162683333333332,8.747502,0.4151810063679999,884,2,9
5.8823,11.894446,6.01214637298584,944,2,9
8.316983333333333,8.876756,0.559772381083171,823,2,9
14.717883333333331,16.936253,2.2183692606608094,890,2,9
8.089783333333333,10.773113,2.6833299173990888,1064,2,9
4.6139833333333335,7.607987,2.994003593699137,931,2,9
10.122633333333331,9.844639,0.2779945088704405,918,2,9
11.221833333333333,8.990906,2.2309275716145827,854,2,9
15.007766666666669,11.545662,3.4621047403971374,1113,2,9
7.946966666666666,7.8685102,0.07845642038981016,1098,2,9
22.938216666666666,9.816909,13.12130783030192,1086,2,9
7.8279,11.806369,3.9784688278198246,1135,2,9
13.668916666666666,13.554249,0.11466785685221303,1090,2,9
14.3618,11.406679,2.9551208465576178,1062,2,9
5.795249999999999,9.845887,4.050637184143067,829,2,8
19.369416666666663,8.379575,10.989841890970862,842,2,9
23.0525,10.6235,12.429000129699705,907,2,9
23.371166666666667,9.784358,13.5868086420695,811,2,9
2.5844333333333336,9.890979,7.306545479838054,822,2,8
9.547416666666669,11.49672,1.9493036473592102,943,2,8
5.85185,10.99632,5.1444697708129885,879,2,8
12.518833333333331,9.225809,3.2930242360432924,917,2,8
10.515783333333331,10.977504,0.4617204432169615,1090,2,8
8.334766666666667,12.084575,3.7498080327351886,869,2,8
11.302166666666666,9.80159,1.500576700846354,1131,2,8
12.2039,9.395142,2.808758398437501,1089,2,8
7.333616666666667,9.287917,1.9543004704793292,996,2,8
7.0733500000000005,9.01349,1.940139723205566,811,2,8
6.41355,10.676466,4.26291598815918,1061,2,8
11.915883333333332,9.453548,2.4623349019368472,896,2,8
6.997633333333334,9.2799425,2.282309179178873,931,2,8
8.4135,10.9270735,2.5135734786987296,835,2,8
15.0043,11.834992,3.1693075912475592,834,2,8
15.27675,9.799508,5.477241905212402,1099,2,8
13.306116666666666,11.194641,2.111475553385416,877,2,8
8.371766666666666,11.617317,3.2455505330403653,838,2,8
13.11795,9.022737,4.095213450622559,1070,2,8
14.647783333333331,12.001097,2.646686607869464,869,2,8
11.746983333333333,12.755847,1.008863643900554,1100,2,8
16.285233333333334,8.944967,7.340266063435873,921,2,8
19.7271,13.128026,6.599073991394043,890,2,8
10.63695,12.413163,1.7762131851196283,1083,2,8
15.595316666666667,9.9917145,5.603602189127605,1130,2,8
14.274666666666668,9.850693,4.423973917643231,815,2,8
15.09575,14.73154,0.36421027374267645,944,2,8
6.332533333333333,10.634257,4.301723983256022,825,2,8
14.821833333333332,11.951893,2.869940480550129,894,2,8
10.916216666666664,11.862403,0.9461862492879263,944,2,8
3.3848,8.034982,4.650181727600097,898,2,8
4.928166666666667,12.690665,7.7624985783894855,1064,2,8
10.846366666666666,10.928259,0.08189222920735695,1075,2,8
6.9319,8.9419775,2.0100775009155276,811,2,8
14.738233333333334,12.609821,2.1284120137532554,818,2,8
22.844383333333333,12.901732,9.94265088857015,890,2,8
7.268683333333333,11.551562,4.282878975931804,905,2,8
8.0624,10.416466,2.3540657592773435,1146,2,8
23.168333333333333,11.560729,11.6076043065389,1005,2,8
5.090133333333333,10.386818,5.296684598795573,1064,2,8
26.242616666666667,11.680008,14.562608732096354,868,2,8
15.052983333333334,9.585483,5.467500735982259,890,2,8
17.734816666666667,13.692243,4.042574044291179,1062,2,8
11.96865,10.042393,1.9262572692871096,1055,2,8
10.395866666666668,9.253406,1.1424610956827816,1006,2,8
6.541333333333333,12.899207,6.357873781840007,1101,2,8
17.82485,8.919785,8.905065454101564,1076,2,8
7.73405,8.888403,1.1543529388427736,887,2,8
13.25615,8.243197,5.012952558898926,1084,2,8
17.47298333333333,10.289054,7.183929416402179,834,2,8
14.337316666666668,10.119312,4.218004380289715,1075,2,8
3.5441833333333337,9.743509,6.199325959269205,1105,2,8
9.436216666666668,11.644059,2.2078425145467104,1111,2,8
9.547433333333334,8.615742,0.931691603597006,839,2,8
6.43855,9.616917,3.1783666564941404,921,2,8
13.821816666666669,10.418349,3.4034674006144225,839,2,8
6.196316666666666,9.953445,3.7571287679036462,861,2,8
5.605133333333333,6.528613,0.9234797571818039,802,2,8
9.158483333333333,10.431385,1.2729017069498703,878,2,8
4.565716666666666,9.181073,4.615356522115072,800,2,8
10.927616666666667,10.363587,0.5640292872111008,878,2,8
8.933833333333332,9.338695,0.40486123911539806,1093,2,8
9.97135,9.051488,0.9198620773315422,800,2,8
6.86015,8.580664,1.7205136810302735,1093,2,8
19.59633333333333,10.186589,9.409744092305498,865,2,8
6.494316666666666,7.611176,1.116859347279867,1058,2,8
15.090083333333332,10.427822,4.662261220296223,1052,2,8
14.92395,12.231714,2.692235751342773,875,2,8
6.039966666666667,8.185287,2.14532080891927,1078,2,8
6.5256,9.93317,3.407570318603516,861,2,8
10.154733333333333,9.247958,0.9067751500447585,887,2,8
7.224683333333333,9.574231,2.34954781443278,896,2,8
8.332916666666668,10.878964,2.546047757466633,884,2,8
10.48115,9.22142,1.259729711914062,864,2,8
11.542716666666667,9.281239,2.261478110758464,906,2,8
24.960316666666664,11.220862,13.739454278055824,1005,2,8
7.963866666666666,14.172979,6.209112688191732,818,2,8
9.396466666666669,8.751928,0.6445383371988953,889,2,8
7.238283333333333,8.966697,1.728413405863444,896,2,8
13.491633333333334,12.314971,1.1766623631795259,918,2,8
11.68205,9.863998,1.8180515869140628,825,2,8
22.18218333333333,10.790587,11.391595908101397,828,2,8
11.608016666666666,9.818158,1.7898585169474277,934,2,8
8.941066666666668,8.3980465,0.5430201731363944,1105,2,8
11.50195,11.843217,0.3412668960571281,1146,2,8
12.0657,14.682259,2.6165586059570316,823,2,8
8.87605,11.731512,2.855462069702149,897,2,8
13.434166666666666,8.63235,4.801816698710123,865,2,8
14.774966666666668,12.997065,1.7779020762125661,830,2,8
9.947916666666666,8.865208,1.0827089945475254,801,2,8
8.98155,9.342793,0.36124346466064416,1105,2,8
10.247966666666668,10.327057,0.07909021809895656,815,2,8
12.76165,9.873314,2.8883360961914057,892,2,8
20.547266666666665,10.139428,10.407838527933755,897,2,7
9.530733333333334,8.589135,0.9415981633504238,887,2,8
9.19995,8.801456,0.3984935485839838,1076,2,7
4.560183333333333,8.65965,4.0994665156046555,1054,2,8
8.93155,8.52488,0.406669590759277,1135,2,8
10.646283333333336,12.41819,1.7719066691080698,840,2,8
13.219483333333333,9.581032,3.6384515340169266,863,2,8
8.223433333333334,9.195575,0.9721414271036775,906,2,7
7.757000000000001,13.019414,5.2624139480590815,890,2,8
11.4182,8.735452,2.682748301696778,879,2,8
22.324266666666663,8.631614,13.692652935282386,892,2,7
19.320066666666666,11.690284,7.629782891337076,995,2,8
11.933016666666669,10.56796,1.365056881205243,821,2,8
8.874633333333332,9.129892,0.25525901590983224,913,2,7
4.7389,9.457472,4.71857184753418,1093,2,8
8.57005,9.523377,0.9533274185180662,806,2,7
15.213166666666666,8.548798,6.664369059244791,914,2,7
24.60731666666667,13.900726,10.706590348307294,853,2,7
15.2321,11.5647745,3.667325486755372,1005,2,7
6.583349999999999,8.919908,2.3365575698852545,1055,2,7
9.119983333333332,11.258694,2.1387103617350274,905,2,7
6.867999999999999,9.060227,2.1922273941040045,1070,2,7
12.10985,9.237732,2.87211806640625,1062,2,7
8.256566666666666,11.202644,2.946077681477865,1133,2,7
16.018433333333334,8.362607,7.655826331075033,826,2,7
3.6861666666666655,6.710737,3.024570561726889,842,2,7
7.0215000000000005,9.820465,2.7989650878906245,897,2,7
19.20055,7.276134,11.924415985870361,892,2,7
11.561233333333332,13.348749,1.7875158274332694,913,2,7
12.476183333333331,10.403449,2.0727342748006166,1007,2,7
7.732233333333334,8.523988,0.7917544367472322,856,2,7
5.590716666666666,10.097729,4.5070120625813805,849,2,7
9.774383333333333,8.427631,1.3467519551595046,827,2,7
14.739666666666666,9.04776,5.6919066569010415,1131,2,7
16.372933333333332,11.474262,4.898671095784504,1075,2,7
19.43933333333333,13.957811,5.48152197774251,834,2,7
32.25621666666667,12.135415,20.120801589457194,1004,2,8
13.5425,7.308552,6.233948211669922,994,2,7
5.36425,10.273492,4.909241859436035,906,2,7
19.20795,7.8598957,11.348054293823242,877,2,7
15.142716666666669,9.827494,5.3152229990641295,811,2,7
30.91455,13.098911,17.815638714599608,853,2,7
9.142133333333334,10.665217,1.5230840662638343,932,2,7
6.799283333333333,11.575679,4.776395492045085,828,2,8
11.270083333333334,9.036266,2.233817006429037,1067,2,7
7.511349999999999,11.23847,3.727120077514649,931,2,7
3.5084,9.080086,5.571685754394531,1049,2,7
4.121066666666667,9.482053,5.360986136372884,921,2,7
11.615833333333336,10.751242,0.8645916493733754,840,2,7
19.655816666666663,10.973617,8.682200066630042,1136,2,7
12.450833333333332,8.795271,3.655562413533527,1098,2,7
8.68015,13.578501,4.898350747680665,888,2,7
4.650099999999999,7.4306865,2.7805864738464363,1066,2,7
13.269916666666669,15.424468,2.15455137379964,875,2,7
17.6483,13.645261,4.003039189147948,1087,2,7
4.632183333333333,8.398576,3.766392449442546,1089,2,7
8.994416666666666,10.365591,1.3711743825276699,1075,2,7
4.770283333333333,10.885333,6.115049727884928,1047,2,7
15.238616666666667,10.995848,4.2427689646403,1004,2,7
11.524466666666664,12.445263,0.9207962422688833,914,2,7
14.842033333333337,10.523476,4.3185576863606805,1095,2,7
9.7676,8.932707,0.8348931671142577,811,2,7
10.138416666666666,10.279267,0.14085064442952522,1083,2,7
8.691233333333335,9.704923,1.013689342753091,933,2,7
19.21583333333333,14.41359,4.80224290211995,853,2,7
8.976149999999999,12.0243635,3.0482135177612317,834,2,7
5.9361,9.994614,4.058513647460938,1004,2,7
7.26975,10.044199,2.774448989868164,1051,2,7
7.622733333333333,15.230691,7.60795762278239,946,2,9
13.566183333333331,14.608746,1.0425622416178406,905,2,7
3.837216666666667,13.811996,9.974779793294271,928,2,7
10.340016666666664,8.735798,1.6042187845865854,896,2,7
7.7754,9.190016,1.4146157928466794,806,2,7
5.208683333333334,12.732007,7.523323693339029,810,2,7
10.421366666666668,8.982572,1.4387950647989918,872,2,7
4.435933333333334,9.192238,4.7563045206705725,841,2,7
8.80185,8.537385,0.26446501312255855,849,2,7
4.383616666666667,7.603587,3.2199704839070638,1105,2,7
9.152316666666668,11.0179,1.8655838002522778,806,2,7
10.529966666666668,9.901665,0.6283019327799497,826,2,7
10.532983333333334,8.819825,1.7131581609090176,826,2,7
13.0253,12.6748705,0.3504295089721676,1086,2,7
4.378433333333334,8.377251,3.998817338053385,1105,2,7
21.95508333333333,10.688745,11.26633878835042,913,2,7
4.8624,7.1211734,2.25877338180542,801,2,7
6.427383333333333,8.617954,2.1905709208170574,1079,2,7
15.778716666666666,11.75256,4.026157004801432,1083,2,7
8.688666666666668,8.918753,0.23008600362141785,905,2,7
8.3345,9.471872,1.1373723297119138,1103,2,7
9.538916666666667,9.636576,0.09765903218587191,1131,2,7
5.10725,10.845762,5.738512252807618,1004,2,7
14.364816666666666,11.039266,3.3255510340372716,873,2,7
7.704283333333334,10.842247,3.13796367594401,1076,2,7
9.773866666666668,10.756753,0.9828863011678042,818,2,7
9.00025,9.097775,0.09752545928955136,856,2,7
4.626333333333333,9.498849,4.8725155817667645,933,2,7
7.269116666666666,11.465309,4.19619247639974,910,2,7
13.038633333333332,8.530213,4.508419977315265,1085,2,7
13.251283333333332,10.840152,2.4111315465291323,865,2,7
3.732766666666667,9.443032,5.710265598042806,1048,2,7
22.895766666666667,14.371715,8.524052074686686,1106,2,7
9.401033333333334,8.435521,0.9655122075398772,937,2,7
12.587916666666668,10.926585,1.661331469217938,828,2,7
14.790566666666669,9.505539,5.285027726236981,917,2,7
21.2,11.581926,9.618073654174804,913,2,7
14.997233333333332,15.375501,0.3782673456827812,1126,2,7
16.106733333333334,14.376481,1.7302522771199556,865,2,7
7.356899999999999,11.3210335,3.9641334777832045,1079,2,7
13.483416666666669,14.420315,0.9368981221516908,1074,2,7
3.711683333333333,5.6601195,1.9484362002054856,849,2,7
9.897266666666669,10.726767,0.8294999196370423,937,2,7
8.657166666666665,9.182774,0.5256069234212255,1131,2,7
8.843233333333334,8.2176,0.6256334645589199,1071,2,7
14.87995,10.734591,4.145359469604491,1141,2,7
7.742900000000001,8.821267,1.078367127990722,927,2,7
10.725316666666666,9.818687,0.9066292277018224,1131,2,7
6.184083333333334,8.374049,2.1899658533732094,1093,2,7
20.30615,12.54342,7.762730162048339,1094,2,7
5.840133333333333,9.176515,3.3363812922159832,1070,2,7
12.0858,9.9809265,2.1048734863281258,941,2,7
9.749766666666666,11.027312,1.2775456120808926,818,2,7
7.04875,8.863947,1.8151969146728515,927,2,7
6.570216666666667,9.213801,2.643584717305501,927,2,7
8.560683333333333,10.52472,1.964036858622233,945,2,7
7.830183333333333,11.977291,4.147107773844401,936,2,7
5.122316666666666,8.61022,3.4879032887776695,879,2,7
9.117983333333331,8.421138,0.6968455235799134,854,2,7
5.213983333333333,10.25897,5.044986927286784,813,2,7
4.030966666666667,9.721612,5.690645309956868,897,2,7
25.31908333333333,9.124758,16.1943255666097,945,2,7
13.011566666666663,7.1097255,5.901841191355384,1085,2,7
14.902516666666664,15.013663,0.11114662526448882,897,2,7
13.29005,11.85384,1.4362101257324227,1055,2,7
9.823783333333331,11.4445095,1.6207261728922546,857,2,7
3.6639333333333335,10.884357,7.220424119059245,810,2,7
10.221383333333334,8.6567335,1.5646498204549157,865,2,7
19.6513,9.35152,10.299780415344237,917,2,7
7.620883333333333,7.4627447,0.15813862050374272,898,2,7
20.925816666666663,19.664257,1.2615596171061156,889,2,7
5.742900000000001,11.101602,5.358701600646972,918,2,7
9.703866666666666,11.063839,1.359972292073568,828,2,7
6.600099999999999,8.46033,1.8602300094604498,992,2,7
7.483633333333333,10.268636,2.785002416483562,833,2,7
6.229166666666667,8.526625,2.2974580128987627,1126,2,7
6.339616666666667,8.2371855,1.897568811543782,811,2,7
8.56175,9.747991,1.186240608215332,868,2,7
12.527416666666666,9.781414,2.7460026346842437,1086,2,7
5.408683333333333,11.390659,5.981975998942057,927,2,7
3.897633333333333,9.314927,5.417293767801921,921,2,7
12.40435,13.872408,1.468057913208007,868,2,7
16.1332,12.754936,3.37826378173828,907,2,7
8.849766666666666,9.360541,0.5107746770222992,1051,2,7
9.844116666666668,8.569462,1.2746548441569026,1048,2,6
5.880683333333334,9.785375,3.9046913080851233,1047,2,7
22.876266666666663,11.709234,11.167032428995764,1075,2,6
19.4821,9.050267,10.431832780456542,840,2,7
6.681666666666667,9.394408,2.712741559346517,852,2,7
11.373383333333331,10.612209,0.7611740132649718,800,2,6
5.891666666666667,8.453268,2.5616013844807943,841,2,7
11.265133333333331,12.0398035,0.7746701716105164,887,2,6
9.28125,8.988982,0.2922677993774414,843,2,6
20.5552,12.644645,7.910555262756347,1136,2,7
9.777333333333331,8.671338,1.105995251973468,887,2,6
6.570383333333334,7.890336,1.319952703348795,877,2,6
12.6008,8.8483515,3.7524485214233394,931,2,7
6.918083333333333,9.384118,2.4660347468058275,1096,2,6
10.809016666666668,8.370838,2.438178501383465,1113,2,6
11.5665,11.112014,0.45448618316650347,821,2,7
6.780033333333334,7.658662,0.8786285090128576,1105,2,6
5.744666666666666,8.716031,2.9713644078572594,806,2,6
14.50235,8.94606,5.556289819335937,915,2,6
8.8981,10.436937,1.5388373321533209,1111,2,6
12.106933333333334,9.820478,2.2864548940022793,897,2,6
12.536083333333332,11.045742,1.4903412984212228,900,2,6
9.332733333333334,10.150674,0.8179405329386391,843,2,6
8.1393,10.8854885,2.7461885101318355,840,2,7
7.555783333333333,10.395483,2.83969968363444,873,2,6
5.573266666666667,9.003414,3.4301474873860673,1048,2,6
11.008616666666668,13.905786,2.8971688939412417,1136,2,6
5.4651000000000005,9.658125,4.193024923706054,889,2,6
5.9425,8.932221,2.9897214126586915,933,2,6
13.127316666666667,10.2132845,2.9140321741739914,1055,2,6
3.643833333333333,10.165607,6.521774119059245,1087,2,6
7.658966666666667,9.474325,1.8153585133870438,1052,2,6
6.7595833333333335,10.969387,4.209803721110026,1138,2,6
3.44515,9.3985405,5.953390496826172,939,2,6
16.901183333333332,11.421712,5.479471411641438,828,2,6
15.106050000000002,9.204293,5.901756748962404,1064,2,6
11.29345,8.8786545,2.4147955200195312,1071,2,6
28.512216666666667,7.687782,20.82443485590617,840,2,6
7.162000000000001,10.049627,2.8876273040771476,1131,2,6
5.32455,8.750393,3.425842913818359,896,2,6
15.888433333333332,12.947239,2.941194411214191,810,2,6
11.2529,10.948189,0.3047112182617191,853,2,6
3.247916666666667,8.72533,5.477413686116536,800,2,6
21.914766666666665,10.633624,11.281142589823403,897,2,6
9.7605,9.260815,0.4996853332519535,1048,2,6
8.4738,10.661293,2.1874930297851556,907,2,6
12.239,8.32448,3.9145199432373055,1098,2,6
15.086900000000002,9.334157,5.752743009948732,1051,2,6
10.851716666666666,10.905019,0.053302139790853076,927,2,6
6.8856,11.713609,4.828008741760254,948,2,6
4.0389333333333335,7.9740534,3.9351200495402017,1055,2,6
8.854099999999999,8.378646,0.4754541030883779,841,2,6
25.09763333333333,10.962446,14.135187120564776,902,2,6
10.193,11.166175,0.9731748886108402,1005,2,6
4.44495,8.142992,3.69804201965332,1064,2,6
10.667483333333331,9.049882,1.6176013982137025,1105,2,6
12.515933333333331,12.437582,0.0783513173421202,835,2,6
8.060316666666667,9.226244,1.1659273061116533,1085,2,6
11.0028,7.789981,3.2128191116333014,877,2,6
35.42106666666667,10.739781,24.68128528696696,877,2,5
23.92168333333333,9.641775,14.279908202107745,897,2,5
5.530833333333334,8.953421,3.4225873057047522,921,2,5
7.061416666666667,8.989102,1.9276856969197587,1105,2,5
7.368466666666666,10.640934,3.27246732381185,873,2,5
5.7195,7.538384,1.818883960723877,827,2,5
29.405933333333333,8.751318,20.65461535542806,1096,2,6
11.006816666666667,12.254932,1.2481157368977858,1110,2,5
17.52538333333333,9.229734,8.295648912556963,1083,2,6
9.522383333333332,9.811384,0.2890008677164726,1063,2,5
8.227866666666667,10.4544,2.226533395894368,833,2,5
19.054266666666667,9.785081,9.269185756937663,815,2,5
42.63195,15.423125,27.208824732971195,814,2,5
16.725683333333333,11.642773,5.082910658772786,869,2,5
8.04665,8.669988,0.6233376785278324,921,2,5
7.898333333333331,9.442732,1.544398523966474,1141,2,5
6.5586166666666665,10.721896,4.163279504903158,1048,2,5
6.074433333333333,9.081983,3.00754927927653,1076,2,5
4.14585,10.569391,6.423541250610351,822,2,5
7.48045,9.238279,1.757829342651367,800,2,5
8.653183333333335,10.32574,1.6725565272013334,1146,2,5
8.9371,10.278234,1.3411335281372079,939,2,5
18.108416666666667,11.85903,6.249386896769206,941,2,5
12.376783333333332,14.836053,2.459269561258953,894,2,5
6.232833333333334,9.296322,3.0634885355631507,940,2,5
7.598533333333333,10.611627,3.013093291727702,1052,2,5
12.376583333333334,9.065191,3.311392064412436,802,2,5
10.032,7.5353484,2.496651584625244,863,2,5
28.89786666666667,10.341534,18.556333005777997,939,2,5
6.747966666666667,9.552096,2.8041297002156576,873,2,5
5.91555,9.120951,3.2054006988525394,1131,2,5
8.404516666666668,9.760179,1.3556618993123362,833,2,5
15.355583333333334,9.010958,6.344625615437826,1086,2,5
9.200916666666666,11.336489,2.1355720570882166,1096,2,5
7.83945,8.46718,0.6277302520751951,829,2,5
5.264983333333333,9.836693,4.57170947672526,1091,2,5
7.955883333333333,8.74645,0.7905670908610025,929,2,5
6.355316666666667,10.583119,4.227802725728353,889,2,5
13.245233333333337,9.909158,3.336075580342614,1080,2,5
6.29825,7.306526,1.008276184082031,827,2,5
13.179183333333333,9.301348,3.8778356007893873,861,2,5
5.6687,8.719818,3.0511181152343747,1126,2,5
4.944683333333333,7.324556,2.3798725405375167,863,2,4
5.998566666666666,8.801958,2.803391417439779,1063,2,4
13.003033333333333,8.8445,4.1585337453206375,920,2,4
8.139199999999999,8.904989,0.7657892425537121,800,2,4
24.965966666666667,10.607677,14.35828920694987,828,2,4
14.218066666666664,10.459724,3.7583422403971323,922,2,4
2.83975,5.9175615,3.0778115310668945,898,2,4
6.779866666666666,9.963557,3.183690576680502,865,2,4
18.96828333333333,10.663327,8.304956116231278,826,2,4
8.758733333333334,9.316762,0.5580286371866858,914,2,4
6.3329,8.930627,2.5977268692016597,825,2,4
13.268983333333331,12.854958,0.4140257527669249,1086,2,4
11.462266666666666,9.266411,2.1958558390299476,818,2,4
10.940016666666668,7.7628016,3.177215019480389,1079,2,4
6.232066666666666,8.1603365,1.9282698277791344,993,2,4
4.418816666666667,8.701686,4.282869238789876,858,2,4
6.088333333333334,10.540174,4.4518401972452795,887,2,4
7.071483333333333,8.57811,1.5066264078776044,865,2,4
13.25925,10.593514,2.665735557556152,821,2,4
14.336900000000002,11.947335,2.389564756774904,891,2,4
7.566266666666666,8.976316,1.4100497853597016,823,2,4
14.265733333333332,11.179494,3.086239429219562,1005,2,4
19.54883333333333,12.16058,7.3882536519368465,853,2,4
9.51335,6.838377,2.6749730010986337,849,2,4
9.792266666666666,8.31145,1.4808166620890297,1104,2,4
25.974733333333333,9.095356,16.879377345784505,1096,2,4
6.828316666666667,9.758406,2.930089018758138,903,2,4
13.86975,9.93319,3.9365596542358396,931,2,4
7.046033333333333,7.573359,0.5273256792704268,892,2,4
18.475133333333336,11.3515,7.123633775838218,1053,2,4
14.575116666666666,8.287446,6.287670644632975,832,2,4
12.231733333333333,9.449325,2.7824087254842116,906,2,4
5.20925,7.93221,2.7229599685668946,852,2,4
5.089066666666667,7.605639,2.516572314198812,942,2,4
3.04365,7.284832,4.241182000732422,898,2,4
11.20715,9.59642,1.610729711914063,891,2,4
5.553583333333333,10.481853,4.928269198099772,869,2,4
21.479016666666663,9.045005,12.434011822001136,1086,2,4
13.0635,12.339965,0.7235351333618159,902,2,4
4.298483333333333,8.240734,3.9422507670084634,1048,2,4
8.46575,6.9699144,1.4958355636596679,1105,2,4
11.781583333333334,14.060153,2.2785696741739905,1136,2,4
12.570216666666663,10.157262,2.4129548182169565,1054,2,4
8.824733333333334,9.42346,0.5987266733805328,815,2,4
5.820283333333333,10.331362,4.51107843729655,938,2,4
7.019016666666667,7.6816583,0.6626416013081862,854,2,4
6.47435,9.823089,3.3487386459350583,929,2,4
6.326733333333333,11.555819,5.2290852244059245,894,2,4
8.772983333333334,7.9810653,0.7919180600484221,882,2,4
9.898666666666664,8.392555,1.5061114298502574,1068,2,4
11.265166666666666,10.0493765,1.215790178934732,830,2,4
10.3448,7.5945396,2.750260357666015,900,2,4
15.275716666666666,10.476577,4.79913986155192,1094,2,3
13.464533333333332,11.704956,1.759577278645832,905,2,4
15.243,8.057002,7.185997932434082,842,2,3
8.354099999999999,9.482196,1.1280958541870127,833,2,3
8.9358,10.813777,1.8779769699096676,1138,2,3
9.591283333333331,9.298662,0.29262114766438607,1068,2,4
22.465183333333336,10.356854,12.108328894551597,810,2,3
20.67235,9.799946,10.872404168701173,1004,2,4
8.974316666666665,9.244783,0.27046673482259287,1060,2,3
6.113283333333333,9.268997,3.155713859049479,1068,2,3
8.16475,11.964665,3.7999154129028323,1005,2,4
2.6015333333333337,6.154478,3.5529447397867835,899,2,3
5.366483333333333,11.526616,6.160132763163249,1110,2,3
4.936733333333334,9.607611,4.670877369181315,1006,2,3
3.5624166666666666,7.994512,4.432095414479574,1068,2,3
4.258016666666666,8.989433,4.731416621907552,1075,2,3
16.705966666666665,10.369046,6.336920455423989,913,2,3
9.7455,8.3584795,1.3870205001831053,940,2,3
8.227466666666666,9.27983,1.0523633122762046,822,2,3
5.4336166666666665,7.677958,2.2443413449605307,827,2,3
7.507166666666666,7.564677,0.05751009496053161,1105,2,3
8.22625,8.28999,0.063740425109863,1085,2,3
12.00585,8.494633,3.511217279052735,815,2,3
18.757816666666667,9.515142,9.242674225870768,993,2,3
12.056183333333331,11.063441,0.9927420567830385,823,2,3
12.072633333333332,7.6325865,4.4400468541463205,892,2,3
9.47315,10.482848,1.0096981674194332,1135,2,3
9.53985,9.108955,0.43089461669921825,902,2,3
10.079816666666666,8.909481,1.1703356180826816,900,2,3
13.310666666666666,11.997131,1.3135353190104162,818,2,3
9.750183333333332,8.4569235,1.2932598485310862,995,2,3
8.349366666666667,7.708183,0.6411838549296061,884,2,3
8.982366666666667,9.243956,0.2615889455159497,883,2,3
16.572183333333335,9.672649,6.899533949788413,1103,2,3
6.606516666666667,10.0858345,3.4793178365071613,835,2,3
5.522716666666667,8.440699,2.91798195699056,835,2,3
5.065799999999999,8.907899,3.842098902893067,1075,2,3
12.961833333333336,8.392175,4.569658612569176,993,2,3
8.588016666666666,9.291013,0.7029960973103844,891,2,3
5.981333333333334,9.370596,3.3892625986735023,938,2,3
6.961983333333333,8.813597,1.8516133921305338,921,2,3
10.5382,8.350359,2.1878410369873045,1006,2,3
10.372483333333332,12.154516,1.782032886759442,1087,2,3
5.280583333333333,8.034592,2.754008341471354,811,2,3
7.061233333333333,9.163489,2.102256008402507,818,2,3
5.015833333333333,11.018575,6.002741381327311,914,2,3
9.91875,10.982517,1.0637672424316413,828,2,3
3.8355666666666655,7.625869,3.7903021306355806,803,2,3
9.093366666666666,8.963414,0.12995247446695934,806,2,3
12.976816666666668,9.521185,3.4556317454020196,820,2,3
11.332183333333337,10.4554405,0.8767428120931022,1081,2,3
6.26675,7.9708805,1.7041305084228515,942,2,3
6.979383333333333,7.709777,0.7303935450236008,836,2,3
10.331066666666668,8.89837,1.4326968775431332,906,2,3
11.0538,8.806221,2.2475789916992195,826,2,3
10.761466666666667,9.955728,0.8057390894571945,1052,2,3
8.001916666666666,8.926976,0.9250595372517907,1096,2,3
14.0055,11.846089,2.159410636901855,888,2,3
15.81135,9.439275,6.372075212097167,840,2,3
13.4911,11.675926,1.8151737915039057,1099,2,3
9.61765,11.190518,1.5728683792114264,938,2,3
11.162766666666666,12.554916,1.3921497151692712,834,2,3
16.325883333333334,13.084164,3.241719667561849,913,2,3
7.850716666666667,10.513801,2.663083954366048,1061,2,3
13.786,14.641968,0.8559677734375004,928,2,3
6.215016666666667,10.661784,4.446767505391438,1004,2,3
6.157033333333334,7.653974,1.496940722910563,1054,2,3
7.695583333333333,10.590465,2.894881258646647,1138,2,3
8.456983333333334,8.7995,0.3425171320597329,1068,2,3
16.973116666666666,14.8979025,2.07521417795817,898,2,3
4.008,8.250526,4.242526428222656,836,2,3
7.564716666666666,7.519501,0.04521545740763244,892,2,3
86.12583333333333,9.045814,77.08001977284749,1003,2,3
6.341033333333333,9.472749,3.1317154230753586,946,2,3
13.024983333333331,9.780466,3.2445172536214173,1074,2,3
11.65495,10.862518,0.7924316894531245,1136,2,3
9.38375,8.164538,1.2192116165161124,877,2,3
17.892816666666665,10.14602,7.746796731058755,1103,2,2
7.83735,7.082024,0.7553259025573729,813,2,3
8.16405,8.011539,0.15251054077148396,1066,2,3
11.315633333333333,9.451863,1.863770044453938,1083,2,2
5.5963,8.782587,3.1862870513916013,1126,2,2
10.33815,12.603107,2.2649574523925775,1055,2,2
40.49466666666667,9.451563,31.04310378519694,1146,2,2
4.916566666666667,9.3506565,4.434089842732747,915,2,2
14.5741,11.305154,3.268946153259277,834,2,3
15.435683333333332,10.640098,4.795585715230304,1076,2,2
6.293533333333333,7.4906945,1.1971611895243326,1058,2,2
17.6375,11.797572,5.839927864074706,1101,2,2
6.170266666666667,8.183807,2.0135407063802084,802,2,2
8.623633333333334,8.049924,0.5737094365437834,1066,2,2
11.183,12.91327,1.7302699966430666,1005,2,2
6.870783333333334,12.9165125,6.045729155985514,1056,2,2
8.476333333333333,14.516068,6.039735125223796,1110,2,2
23.2118,10.488915,12.72288455657959,1080,2,2
7.970216666666667,10.357397,2.387180412801106,993,2,2
8.023383333333333,10.9738655,2.95048217569987,1103,2,2
9.803566666666669,8.849023,0.9545438013712584,887,2,2
11.201916666666667,9.023923,2.1779937464396166,1105,2,2
8.3106,9.726201,1.4156010574340812,829,2,2
10.146766666666668,10.8989935,0.7522268254597968,922,2,2
8.693783333333332,12.488068,3.7942842936197927,1094,2,2
6.70725,10.621327,3.9140774002075194,1069,2,2
12.446216666666666,11.080293,1.365923964945475,835,2,2
8.677833333333332,9.155998,0.4781648966471366,914,2,2
9.979833333333334,8.423152,1.5566813634236656,1086,2,2
19.150666666666663,11.823773,7.326893282572424,1004,2,2
8.642783333333334,9.580489,0.9377058252970372,914,2,2
13.626683333333334,9.029509,4.597174742635092,933,2,2
9.1145,10.982905,1.8684053878784184,818,2,2
6.059783333333333,10.802927,4.743143683878581,878,2,2
20.41153333333333,11.140419,9.271114326985675,1004,2,2
3.81535,7.606162,3.7908120712280273,1054,2,2
7.2887,9.889355,2.6006547058105465,1085,2,2
8.09665,13.133343,5.0366927429199215,927,2,2
20.8809,11.430357,9.450543020629883,1097,2,2
6.746316666666667,13.988419,7.2421019124348955,853,2,2
14.549316666666666,10.207338,4.341978333536783,881,2,2
15.017333333333331,9.3540325,5.663300816853839,879,2,2
9.48455,8.890929,0.5936207778930669,1089,2,2
6.876066666666667,10.383423,3.5073561848958326,865,2,2
6.303666666666667,9.261407,2.9577402318318677,826,2,2
15.536816666666663,10.692116,4.844700882975257,1074,2,2
5.539116666666667,10.051604,4.512487604268392,826,2,2
15.298066666666667,10.647223,4.650843194071452,894,2,2
10.5903,10.243466,0.3468336227416984,913,2,2
7.957283333333334,12.054949,4.097665473429362,1004,2,2
9.0464,12.961021,3.9146214233398435,1077,2,2
14.478966666666668,10.165703,4.31326384684245,944,2,2
11.32715,8.824162,2.502988470458984,879,2,2
11.554166666666667,9.125387,2.428779474894206,1064,2,2
7.931683333333334,9.371662,1.4399788065592443,865,2,2
10.20895,9.859789,0.34916110534667943,1075,2,2
12.76755,9.192134,3.575416096496582,826,2,2
16.905366666666666,11.658243,5.247123487345377,933,2,2
5.31025,7.2018805,1.89163045501709,849,2,2
19.0627,13.639008,5.4236924316406245,894,2,2
6.904416666666666,12.242515,5.338097943623861,853,2,2
11.171233333333332,9.609865,1.5613681447346988,909,2,2
14.344266666666666,13.255421,1.088845981852213,852,2,2
9.612483333333332,10.454015,0.8415314448038753,903,2,2
8.424533333333333,9.131072,0.7065387110392258,905,2,2
10.767216666666666,9.165928,1.6012887797037756,1147,2,2
13.453666666666669,11.672834,1.780832270304364,835,2,2
8.404216666666667,10.037926,1.633709053548177,1086,2,2
6.219133333333334,11.948713,5.729579969278971,930,2,2
7.309516666666667,8.788211,1.4786942021687821,1098,2,2
4.914599999999999,9.058678,4.144077673339845,806,2,2
12.109616666666666,10.163851,1.945765882364908,890,2,2
9.03135,7.841202,1.1901482177734373,866,2,2
13.019966666666669,10.11887,2.901096885172528,841,2,2
15.2436,14.83446,0.409139741516114,1081,2,2
12.132333333333332,9.779609,2.352724606831867,921,2,2
19.61208333333333,14.137428,5.474655049641925,1097,2,2
10.693883333333334,10.098036,0.5958475209554042,826,2,2
17.065416666666668,10.970544,6.094872805277507,918,2,2
6.271249999999999,7.9643087,1.6930587387084968,866,2,2
6.398833333333333,10.726306,4.327472628275554,800,2,2
14.46345,11.504809,2.958640620422363,1062,2,2
21.12288333333333,12.4154415,8.707441820271807,913,2,2
8.329166666666667,11.648875,3.319708569844563,873,2,2
8.845633333333334,8.29205,0.5535829717000329,1098,2,2
9.691683333333334,9.759664,0.06798024851481088,914,2,2
4.06255,9.828506,5.765956469726563,1083,2,2
3.606283333333333,9.650799,6.044515464274089,1105,2,2
2.8685,8.490167,5.621666664123535,1093,2,1
8.5077,9.71594,1.2082404754638674,811,2,2
7.940233333333333,8.6712,0.7309664652506518,996,2,2
10.182983333333334,11.478333,1.295350139872232,1005,2,1
16.58395,9.489098,7.094852404785158,1099,2,1
3.8915,6.791823,2.9003229103088377,1098,2,1
9.490633333333331,8.626616,0.8640178090413393,800,2,1
16.3528,16.133865,0.21893464355468595,822,2,2
8.996683333333333,8.94149,0.055193159993489616,1081,2,1
13.5347,12.942268,0.5924316284179696,1067,2,1
10.647716666666668,9.273197,1.374519492594402,863,2,1
4.070483333333334,8.9086075,4.838124149576823,815,2,1
6.443866666666667,10.695414,4.251546922810872,1138,2,1
9.433766666666664,9.577488,0.1437212788899771,929,2,1
11.9244,8.191694,3.7327057403564456,1098,2,1
13.773033333333332,13.431222,0.3418113713582347,1049,2,1
8.4424,9.03465,0.592249848937989,827,2,1
3.911733333333333,9.950181,6.0384476740519215,865,2,1
6.7855,7.7038784,0.9183784027099611,1105,2,1
8.62485,9.37823,0.7533800949096676,884,2,1
7.044083333333333,9.105778,2.0616944071451826,806,2,1
10.180266666666666,11.771223,1.5909564015706383,1133,2,1
8.19195,7.7155237,0.47642628021240263,1089,2,1
11.498216666666668,8.834743,2.663474120585125,1006,2,1
35.3699,12.228262,23.141638052368165,853,2,1
12.356566666666668,7.6713834,4.685183285776775,1098,2,1
6.549433333333334,9.564056,3.014623063151041,917,2,2
6.862166666666667,8.073904,1.211737370808919,1105,2,1
22.10301666666667,10.284494,11.818522266642255,812,2,1
10.13885,10.568291,0.42944071044921905,941,2,1
11.636366666666667,9.1714945,2.4648721827189135,892,2,1
10.18945,8.752341,1.4371087295532234,921,2,1
12.041,11.646031,0.39496862030029334,873,2,1
5.561566666666667,9.500051,3.9384838780721028,1081,2,1
15.619833333333334,7.0026965,8.617136819203695,892,2,1
12.138583333333337,7.4685903,4.669993073781335,878,2,1
4.52515,8.446444,3.921293557739258,922,2,1
36.70186666666667,11.482892,25.21897463022868,1140,2,1
7.543366666666666,8.650497,1.1071307698567718,940,2,1
10.88625,6.3169284,4.569321613311768,864,2,1
12.53645,10.998297,1.5381532623291019,942,2,1
4.316583333333333,7.68402,3.3674367090861006,865,2,1
9.494966666666668,8.88518,0.6097861933390316,1048,2,1
5.040783333333334,8.784578,3.743794990030924,1049,2,1
10.177566666666667,10.108609,0.06895746714274154,868,2,1
10.371916666666667,9.594046,0.7778710276285814,920,2,1
8.924483333333335,8.000927,0.9235563618977878,813,2,1
11.149083333333332,10.852641,0.2964422276814762,946,2,1
13.9086,12.657481,1.2511188064575194,1051,2,1
4.7359,9.436288,4.700387879943848,1076,2,1
7.2834,6.311669,0.9717311271667484,1058,2,1
19.540766666666663,15.4112835,4.129483173624671,1097,2,2
7.309266666666667,9.723247,2.4139799077351887,1051,2,1
8.167783333333334,7.3235216,0.8442617192586273,1058,2,1
19.057716666666668,20.508148,1.4504315266927073,1007,2,2
11.025716666666666,11.50434,0.4786235051472989,1110,2,1
7.3823,9.811983,2.429683108520508,873,2,1
11.59495,11.755368,0.16041823272705003,853,2,1
4.645316666666667,9.953971,5.308654242451985,800,2,1
6.6880500000000005,9.636515,2.9484646636962886,1089,2,1
11.0524,8.9256315,2.1267684768676762,879,2,1
16.1289,9.631413,6.4974865402221695,873,2,1
9.260783333333334,9.603706,0.342923026529947,1070,2,1
10.242733333333332,10.6150255,0.3722921869913751,875,2,1
17.431966666666664,8.821705,8.610261802164711,879,2,1
11.016066666666667,11.420868,0.4048012532552079,869,2,1
4.602583333333333,7.007215,2.404631689707439,994,2,1
8.02495,10.500216,2.4752655303955073,1071,2,1
19.420333333333332,10.883583,8.536750264485676,1004,2,1
12.51215,12.483997,0.02815265502929698,822,2,1
8.007866666666667,8.763731,0.7558643361409505,1003,2,1
12.845949999999998,11.087714,1.7582358047485336,1049,2,1
10.495783333333332,8.443483,2.052299980672199,922,2,1
9.29825,10.518646,1.2203962402343755,854,2,1
12.3701,8.00894,4.361160256958009,995,2,5
7.394049999999999,8.427108,1.033057810974122,931,2,1
18.24321666666667,9.674299,8.568917426554364,835,2,1
3.5462333333333333,7.719275,4.173041664377848,1093,2,1
9.000916666666665,9.63515,0.6342332890828466,878,2,1
6.5565,8.51182,1.9553198394775393,993,2,1
9.359916666666669,7.296998,2.0629186426798523,1068,2,1
17.775516666666665,20.025234,2.2497175557454447,907,2,1
13.93535,9.819727,4.115623056030273,933,2,1
16.201016666666668,9.651903,6.549113514200847,1104,2,1
19.54855,12.108568,7.4399818084716784,948,2,1
7.883783333333333,10.32664,2.4428567957560228,854,2,1
8.217183333333333,9.502474,1.285290497843425,1051,2,0
10.549566666666667,6.888246,3.6613206072489426,892,2,0
4.697183333333333,9.695483,4.9982998743693035,1081,2,1
10.604633333333334,10.110929,0.49370479787190824,1075,2,0
5.982666666666666,9.828221,3.845554654439291,1146,2,0
5.844616666666667,7.136385,1.2917682973225908,898,2,1
12.91405,8.872555,4.041495220947265,1070,2,0
6.659716666666667,12.349016,5.689299522908528,1051,2,0
4.176783333333334,9.456018,5.279235114542643,849,2,0
3.6040666666666663,9.629137,6.025070372517904,873,2,0
8.71095,9.9123,1.2013501098632808,1081,2,0
11.9381,9.155324,2.782776017761231,1055,2,0
4.209066666666667,9.622583,5.41351672261556,826,2,0
11.266766666666664,9.998414,1.2683526270548473,1075,2,0
13.433983333333334,9.161194,4.272789485677084,1064,2,0
13.356966666666668,8.938328,4.418638877360028,1141,2,0
7.082683333333334,9.848108,2.765424958292643,909,2,0
7.217016666666667,8.217464,1.0004477803548175,882,2,1
5.566983333333334,8.433158,2.8661745875040685,914,2,0
6.383983333333333,11.954106,5.570122997538249,948,2,0
9.767,9.081828,0.685171882629394,1083,2,0
11.473933333333331,10.211101,1.2628327550252259,1101,2,0
9.463666666666668,9.084894,0.3787724863688169,837,2,0
5.089466666666667,7.702115,2.612648392232259,994,2,0
8.332283333333333,7.041244,1.2910393033345535,863,2,0
5.144433333333334,11.999558,6.85512511545817,833,2,0
5.070616666666667,10.116575,5.0459585744222,1105,2,0
7.55185,10.936313,3.3844626754760743,836,2,0
19.58,9.967994,9.612006263732908,1061,2,0
15.98055,9.966775,6.0137750595092765,872,2,0
7.533516666666667,8.060535,0.5270187642415358,877,2,0
8.490533333333333,8.98374,0.49320651957193995,907,1,23
6.5421000000000005,12.617712,6.075612020874023,849,2,0
10.78035,12.157381,1.3770310577392575,936,2,0
9.427283333333332,10.70798,1.2806968226114925,1103,1,23
18.18615,10.229624,7.956526205444337,839,1,23
7.784433333333333,9.261889,1.4774561243693034,914,1,23
4.7328833333333336,10.535453,5.802569509379069,1100,1,23
6.208733333333333,11.466773,5.258039699808757,1098,1,23
9.346766666666667,11.415484,2.0687177617390944,1066,1,23
6.9504,8.949949,1.999549264526367,892,1,23
11.772316666666669,12.9922,1.2198832310994447,828,1,23
8.17545,10.431289,2.2558387191772464,947,1,23
5.550933333333333,10.264627,4.713694123331706,1067,1,23
11.521383333333334,9.334312,2.1870708943684907,1006,1,23
6.1827,9.098445,2.9157449386596683,881,1,23
11.38935,8.2513895,3.1379604965209964,1059,1,23
9.05605,10.852792,1.7967417861938468,938,1,23
9.0968,11.71506,2.618260234069824,826,1,23
12.7481,12.396123,0.35197706756591884,875,1,23
8.541950000000002,9.439463,0.8975126617431624,873,1,23
7.434983333333333,9.7823715,2.3473881876627605,839,1,23
8.564699999999998,10.059595,1.4948951080322281,854,1,23
16.67045,17.293518,0.6230680664062511,1126,1,23
4.704066666666667,10.267597,5.563530531819661,905,1,23
5.523750000000001,9.791191,4.267441101074218,1059,1,23
10.096083333333333,11.785832,1.6897490717569994,946,1,23
7.717716666666666,9.517657,1.7999406133015956,842,1,23
10.16425,11.26683,1.1025804443359384,854,1,23
7.587733333333333,11.022437,3.4347037623087564,1055,1,23
20.614916666666662,15.216557,5.398360117594397,1095,1,23
12.475666666666664,10.406676,2.06899037424723,1083,1,23
8.76575,10.809394,2.0436438827514642,1051,1,22
6.1892,10.185257,3.996056958007813,1065,1,22
9.740516666666668,12.415586,2.675069804890949,1059,1,22
21.887183333333333,11.281778,10.605404997762044,1105,1,22
10.990983333333332,9.0220175,1.9689658543904613,839,1,22
10.761516666666669,13.469348,2.707831287129718,1131,1,22
10.256066666666667,10.366123,0.1100565327962233,1076,1,22
32.06698333333333,11.867685,20.19929801534017,1085,1,22
18.838166666666663,15.407581,3.4305853373209594,1101,1,22
4.2396,8.378633,4.139032545471191,877,1,22
20.1702,10.151418,10.018782267761232,921,1,22
25.469616666666663,9.801997,15.667619481913245,1071,1,22
14.405116666666666,13.68934,0.7157770289103187,936,1,22
12.518183333333331,12.102988,0.4151950902303039,818,1,21
18.1342,13.642414,4.491785906982422,1052,1,22
16.288633333333333,13.320818,2.967815385945638,1110,1,22
22.539316666666664,11.070597,11.468719971720375,1074,1,21
12.436133333333334,12.683785,0.2476521052042635,945,1,21
7.4659666666666675,7.6494784,0.1835117688496899,877,1,21
17.358183333333333,15.573387,1.784796187337239,1101,1,21
